"Admitidos.Desligados";"Competência.Movimentação";"Município";"Ano.Movimentação";"CBO.94.Ocupação";"CBO.2002.Ocupação";"CNAE.1.0.Classe";"Faixa.Empr.Início.Jan";"Grau.Instrução";"Qtd.Hora.Contrat";"IBGE.Subsetor";"Idade";"Ind.Aprendiz";"Salário.Mensal";"Saldo.Mov";"Sexo";"Tempo.Emprego";"Tipo.Estab";"Tipo.Mov.Desagregado";"UF";"Competência.Declarada";"Bairros.SP";"Bairros.Fortaleza";"Bairros.RJ";"Distritos.SP";"Regiões.Adm.DF";"Mesorregião";"Microrregião";"Região.Adm.RJ";"Região.Adm.SP";"Região.Corede";"Região.Corede.04";"Região.Gov.SP";"Região.Senac.PR";"Região.Senai.PR";"Região.Senai.SP";"Sub.Região.Senai.PR";"Região.Metro.MTE";"CNAE.2.0.Subclas";"Raça.Cor";"Ind.Portador.Defic";"Tipo.Defic";"Ind.Trab.Parcial";"Ind.Trab.Intermitente"
1;200308;520110;2003;"19245";251110;91995;4;9;40;21;34;9;0;1;2;0;1;2;52;200311;"{ñ c";"{ñ c";"{ñ c";"{ñ c";"{ñ c";5203;52007;"{ñ c";999;"{ñ c";99;999;99;"{ñ c";999;99;"{ñ";NA;NA;NA;NA;NA;NA
1;200401;420930;2004;"19245";251110;52329;1;7;44;16;30;9;240;1;1;0;1;2;42;200402;"{ñ c";"{ñ c";"{ñ c";"{ñ c";"{ñ c";4203;42010;"{ñ c";999;"{ñ c";99;999;99;"{ñ c";999;99;"{ñ";NA;NA;NA;NA;NA;NA
1;200401;420930;2004;"19245";251110;52329;1;7;44;16;19;9;240;1;1;0;1;2;42;200402;"{ñ c";"{ñ c";"{ñ c";"{ñ c";"{ñ c";4203;42010;"{ñ c";999;"{ñ c";99;999;99;"{ñ c";999;99;"{ñ";NA;NA;NA;NA;NA;NA
2;200407;530010;2004;"19245";251110;52124;6;7;44;16;27;9;0;-1;1;15;1;4;53;200409;"{ñ c";"{ñ c";"{ñ c";"{ñ c";"9999";5301;53001;"{ñ c";999;"{ñ c";99;999;99;"{ñ c";999;99;"{ñ";NA;NA;NA;NA;NA;NA
2;200403;354990;2004;"19245";251110;52124;3;5;44;16;34;9;0;-1;1;9;1;4;35;200404;"9999";"{ñ c";"{ñ c";"9999";"{ñ c";3513;35050;"{ñ c";11;"{ñ c";99;7;99;"{ñ c";44;99;"{ñ";NA;NA;NA;NA;NA;NA
1;200506;520510;2005;"19245";251110;60267;4;9;44;20;28;0;10;1;2;0;1;2;52;200507;"{ñ c";"{ñ c";"{ñ c";"{ñ c";"{ñ c";5205;52017;"{ñ c";999;"{ñ c";99;999;99;"{ñ c";999;99;"{ñ";NA;NA;NA;NA;NA;NA
1;200611;420240;2006;"19245";251110;74128;1;9;44;19;38;0;8;1;1;0;1;2;42;200612;"{ñ c";"{ñ c";"{ñ c";"{ñ c";"{ñ c";4204;42012;"{ñ c";999;"{ñ c";99;999;99;"{ñ c";999;99;"{ñ";9999999;NA;NA;NA;NA;NA
2;200612;351300;2006;"19245";251110;74993;1;9;40;19;32;0;0;-1;1;10;1;4;35;200702;"9999";"{ñ c";"{ñ c";"9999";"{ñ c";3515;35060;"{ñ c";13;"{ñ c";99;1;99;"{ñ c";31;99;" 7";9999999;2;0;0;NA;NA
2;200709;411370;2007;"19245";251110;74608;4;9;44;21;46;0;8,35;-1;1;18;1;4;41;200710;"{ñ c";"{ñ c";"{ñ c";"{ñ c";"{ñ c";4103;41011;"{ñ c";999;"{ñ c";99;999;12;"  03";999;13;"{ñ";9999999;2;0;0;NA;NA
1;200803;530010;2008;"19245";251110;45217;6;9;44;15;25;0;9,02;1;1;0;1;2;53;200804;"{ñ c";"{ñ c";"{ñ c";"{ñ c";"9999";5301;53001;"{ñ c";999;"{ñ c";99;999;99;"{ñ c";999;99;"{ñ";4120400;8;0;0;NA;NA
2;200712;351060;2007;"19245";251110;74993;1;9;44;19;31;0;36;-1;1;9;1;4;35;200804;"9999";"{ñ c";"{ñ c";"9999";"{ñ c";3515;35057;"{ñ c";13;"{ñ c";99;1;99;"{ñ c";31;99;" 7";8299799;2;0;0;NA;NA
1;200801;351060;2008;"19245";251110;74993;2;9;44;19;31;0;36;1;1;0;1;2;35;200804;"9999";"{ñ c";"{ñ c";"9999";"{ñ c";3515;35057;"{ñ c";13;"{ñ c";99;1;99;"{ñ c";31;99;" 7";8299799;2;0;0;NA;NA
1;200803;351060;2008;"19245";251110;74993;2;9;44;19;28;0;20,28;1;1;0;1;2;35;200804;"9999";"{ñ c";"{ñ c";"9999";"{ñ c";3515;35057;"{ñ c";13;"{ñ c";99;1;99;"{ñ c";31;99;" 7";8299799;2;0;0;NA;NA
1;200803;351060;2008;"19245";251110;74993;2;9;44;19;27;0;36,5;1;1;0;1;2;35;200804;"9999";"{ñ c";"{ñ c";"9999";"{ñ c";3515;35057;"{ñ c";13;"{ñ c";99;1;99;"{ñ c";31;99;" 7";8299799;2;0;0;NA;NA
1;200803;351518;2008;"19245";251110;73202;2;9;44;21;34;0;17;1;1;0;1;25;35;200804;"9999";"{ñ c";"{ñ c";"9999";"{ñ c";3507;35030;"{ñ c";4;"{ñ c";99;20;99;"{ñ c";30;99;"{ñ";7220700;2;0;0;NA;NA
1;200803;351518;2008;"19245";251110;73202;2;9;44;21;28;0;12;1;1;0;1;25;35;200804;"9999";"{ñ c";"{ñ c";"9999";"{ñ c";3507;35030;"{ñ c";4;"{ñ c";99;20;99;"{ñ c";30;99;"{ñ";7220700;2;0;0;NA;NA
1;200803;351518;2008;"19245";251110;73202;2;9;44;21;28;0;12;1;1;0;1;25;35;200804;"9999";"{ñ c";"{ñ c";"9999";"{ñ c";3507;35030;"{ñ c";4;"{ñ c";99;20;99;"{ñ c";30;99;"{ñ";7220700;2;0;0;NA;NA
1;200803;351518;2008;"19245";251110;73202;2;9;44;21;25;0;9;1;2;0;1;25;35;200804;"9999";"{ñ c";"{ñ c";"9999";"{ñ c";3507;35030;"{ñ c";4;"{ñ c";99;20;99;"{ñ c";30;99;"{ñ";7220700;2;0;0;NA;NA
1;200803;351518;2008;"19245";251110;73202;2;9;44;21;22;0;12;1;1;0;1;25;35;200804;"9999";"{ñ c";"{ñ c";"9999";"{ñ c";3507;35030;"{ñ c";4;"{ñ c";99;20;99;"{ñ c";30;99;"{ñ";7220700;2;0;0;NA;NA
1;200803;351518;2008;"19245";251110;73202;2;9;44;21;29;0;20;1;1;0;1;25;35;200804;"9999";"{ñ c";"{ñ c";"9999";"{ñ c";3507;35030;"{ñ c";4;"{ñ c";99;20;99;"{ñ c";30;99;"{ñ";7220700;2;0;0;NA;NA
1;200803;351518;2008;"19245";251110;73202;2;9;44;21;28;0;12;1;1;0;1;25;35;200804;"9999";"{ñ c";"{ñ c";"9999";"{ñ c";3507;35030;"{ñ c";4;"{ñ c";99;20;99;"{ñ c";30;99;"{ñ";7220700;2;0;0;NA;NA
1;200803;351518;2008;"19245";251110;73202;2;9;44;21;29;0;12;1;2;0;1;25;35;200804;"9999";"{ñ c";"{ñ c";"9999";"{ñ c";3507;35030;"{ñ c";4;"{ñ c";99;20;99;"{ñ c";30;99;"{ñ";7220700;2;0;0;NA;NA
1;200806;351518;2008;"19245";251110;73202;2;9;44;21;19;0;5;1;1;0;1;25;35;200807;"9999";"{ñ c";"{ñ c";"9999";"{ñ c";3507;35030;"{ñ c";4;"{ñ c";99;20;99;"{ñ c";30;99;"{ñ";7220700;2;0;0;NA;NA
1;200806;351518;2008;"19245";251110;73202;2;9;44;21;19;0;5;1;2;0;1;25;35;200807;"9999";"{ñ c";"{ñ c";"9999";"{ñ c";3507;35030;"{ñ c";4;"{ñ c";99;20;99;"{ñ c";30;99;"{ñ";7220700;2;0;0;NA;NA
2;200806;320530;2008;"19245";251110;74403;2;9;44;19;24;0;4,51;-1;2;5;1;6;32;200809;"{ñ c";"{ñ c";"{ñ c";"{ñ c";"{ñ c";3203;32009;"{ñ c";999;"{ñ c";99;999;99;"{ñ c";999;99;"{ñ";7311400;2;0;0;NA;NA
2;200808;355030;2008;"19245";251110;52213;4;9;44;16;22;0;7,5;-1;1;12;1;4;35;200809;"{ñ c";"{ñ c";"{ñ c";"{ñ c";"{ñ c";3515;35061;"{ñ c";13;"{ñ c";99;1;99;"{ñ c";46;99;" 7";4721102;2;0;0;NA;NA
1;200808;330045;2008;"19245";251110;91995;1;9;44;21;47;0;17;1;1;0;1;2;33;200810;"{ñ c";"{ñ c";"9999";"{ñ c";"{ñ c";3306;33018;"  99";999;"{ñ c";99;999;99;"{ñ c";999;99;" 6";9430800;8;0;0;NA;NA
1;200809;330045;2008;"19245";251110;91995;1;9;44;21;41;0;15;1;1;0;1;2;33;200810;"{ñ c";"{ñ c";"9999";"{ñ c";"{ñ c";3306;33018;"  99";999;"{ñ c";99;999;99;"{ñ c";999;99;" 6";9430800;8;0;0;NA;NA
1;200809;351518;2008;"19245";251110;73202;2;9;44;21;32;0;12;1;2;0;1;25;35;200810;"9999";"{ñ c";"{ñ c";"9999";"{ñ c";3507;35030;"{ñ c";4;"{ñ c";99;20;99;"{ñ c";30;99;"{ñ";7220700;2;0;0;NA;NA
1;200809;351518;2008;"19245";251110;73202;2;9;44;21;25;0;12;1;2;0;1;2;35;200810;"9999";"{ñ c";"{ñ c";"9999";"{ñ c";3507;35030;"{ñ c";4;"{ñ c";99;20;99;"{ñ c";30;99;"{ñ";7220700;2;0;0;NA;NA
1;200809;351518;2008;"19245";251110;73202;2;9;44;21;23;0;7,5;1;1;0;1;25;35;200810;"9999";"{ñ c";"{ñ c";"9999";"{ñ c";3507;35030;"{ñ c";4;"{ñ c";99;20;99;"{ñ c";30;99;"{ñ";7220700;2;0;0;NA;NA
1;200809;351518;2008;"19245";251110;73202;2;9;44;21;27;0;5;1;1;0;1;25;35;200810;"9999";"{ñ c";"{ñ c";"9999";"{ñ c";3507;35030;"{ñ c";4;"{ñ c";99;20;99;"{ñ c";30;99;"{ñ";7220700;2;0;0;NA;NA
1;200810;330455;2008;"19245";251110;91200;2;9;44;21;48;0;0;1;1;0;1;2;33;200811;"{ñ c";"{ñ c";"{ñ c";"{ñ c";"{ñ c";3306;33018;"{ñ c";999;"{ñ c";99;999;99;"{ñ c";999;99;" 6";9420100;8;0;5;NA;NA
1;200810;351518;2008;"19245";251110;73202;2;9;44;21;33;0;500;1;1;0;1;25;35;200811;"9999";"{ñ c";"{ñ c";"9999";"{ñ c";3507;35030;"{ñ c";4;"{ñ c";99;20;99;"{ñ c";30;99;"{ñ";7220700;2;0;0;NA;NA
1;200810;351518;2008;"19245";251110;73202;2;9;44;21;32;0;0;1;1;0;1;25;35;200811;"9999";"{ñ c";"{ñ c";"9999";"{ñ c";3507;35030;"{ñ c";4;"{ñ c";99;20;99;"{ñ c";30;99;"{ñ";7220700;2;0;0;NA;NA
1;200810;351518;2008;"19245";251110;73202;2;9;44;21;22;0;500;1;1;0;1;25;35;200811;"9999";"{ñ c";"{ñ c";"9999";"{ñ c";3507;35030;"{ñ c";4;"{ñ c";99;20;99;"{ñ c";30;99;"{ñ";7220700;2;0;0;NA;NA
1;200807;351060;2008;"19245";251110;74993;2;9;44;19;30;0;30;1;1;0;1;2;35;200812;"9999";"{ñ c";"{ñ c";"9999";"{ñ c";3515;35057;"{ñ c";13;"{ñ c";99;1;99;"{ñ c";31;99;" 7";8299799;2;0;0;NA;NA
2;200807;351060;2008;"19245";251110;74993;2;9;44;19;27;0;30;-1;1;14;1;4;35;200812;"9999";"{ñ c";"{ñ c";"9999";"{ñ c";3515;35057;"{ñ c";13;"{ñ c";99;1;99;"{ñ c";31;99;" 7";8299799;2;0;0;NA;NA
1;200808;351060;2008;"19245";251110;74993;2;9;44;19;28;0;20;1;1;0;1;2;35;200812;"9999";"{ñ c";"{ñ c";"9999";"{ñ c";3515;35057;"{ñ c";13;"{ñ c";99;1;99;"{ñ c";31;99;" 7";8299799;2;0;0;NA;NA
1;200809;351060;2008;"19245";251110;74993;2;9;44;19;25;0;20;1;1;0;1;1;35;200812;"9999";"{ñ c";"{ñ c";"9999";"{ñ c";3515;35057;"{ñ c";13;"{ñ c";99;1;99;"{ñ c";31;99;" 7";8299799;2;0;0;NA;NA
2;200812;351060;2008;"19245";251110;74993;3;9;44;19;33;0;21,3;-1;1;15;1;4;35;200905;"9999";"{ñ c";"{ñ c";"9999";"{ñ c";3515;35057;"{ñ c";13;"{ñ c";99;1;99;"{ñ c";31;99;" 7";8299799;2;0;0;NA;NA
1;200904;355030;2009;"19245";251110;74160;2;9;44;19;25;0;6;1;1;0;1;1;35;200905;"{ñ c";"{ñ c";"{ñ c";"{ñ c";"{ñ c";3515;35061;"{ñ c";13;"{ñ c";99;1;99;"{ñ c";46;99;" 7";7020400;8;0;0;NA;NA
2;200812;350950;2008;"19245";251110;85111;6;9;40;22;54;0;22,54;-1;1;90;1;4;35;200907;"9999";"{ñ c";"{ñ c";"9999";"{ñ c";3507;35032;"{ñ c";4;"{ñ c";99;15;99;"{ñ c";9;99;"{ñ";8610101;2;0;0;NA;NA
1;200906;261110;2009;"19245";251110;74705;5;9;44;21;29;0;38;1;1;0;1;1;26;200907;"{ñ c";"{ñ c";"{ñ c";"{ñ c";"{ñ c";2602;26005;"{ñ c";999;"{ñ c";99;999;99;"{ñ c";999;99;"{ñ";8121400;8;0;0;NA;NA
1;200905;431490;2009;"19245";251110;74993;1;9;44;19;39;0;12,77;1;2;0;1;2;43;200908;"{ñ c";"{ñ c";"{ñ c";"{ñ c";"{ñ c";4305;43026;"{ñ c";999;"  11";12;999;99;"{ñ c";999;99;" 9";8299799;2;0;0;NA;NA
1;200905;431490;2009;"19245";251110;74993;1;9;44;19;24;0;11,13;1;1;0;1;1;43;200908;"{ñ c";"{ñ c";"{ñ c";"{ñ c";"{ñ c";4305;43026;"{ñ c";999;"  11";12;999;99;"{ñ c";999;99;" 9";8299799;9;0;0;NA;NA
1;200905;431490;2009;"19245";251110;74993;1;9;44;19;23;0;18,59;1;2;0;1;2;43;200908;"{ñ c";"{ñ c";"{ñ c";"{ñ c";"{ñ c";4305;43026;"{ñ c";999;"  11";12;999;99;"{ñ c";999;99;" 9";8299799;2;0;0;NA;NA
1;200906;431490;2009;"19245";251110;74993;1;9;20;19;38;0;18,59;1;1;0;1;2;43;200908;"{ñ c";"{ñ c";"{ñ c";"{ñ c";"{ñ c";4305;43026;"{ñ c";999;"  11";12;999;99;"{ñ c";999;99;" 9";8299799;2;0;0;NA;NA
1;200906;431490;2009;"19245";251110;74993;1;9;44;19;42;0;11,13;1;2;0;1;1;43;200908;"{ñ c";"{ñ c";"{ñ c";"{ñ c";"{ñ c";4305;43026;"{ñ c";999;"  11";12;999;99;"{ñ c";999;99;" 9";8299799;9;0;0;NA;NA
1;200906;431490;2009;"19245";251110;74993;1;9;44;19;29;0;11,13;1;1;0;1;2;43;200908;"{ñ c";"{ñ c";"{ñ c";"{ñ c";"{ñ c";4305;43026;"{ñ c";999;"  11";12;999;99;"{ñ c";999;99;" 9";8299799;2;0;0;NA;NA
1;200906;431490;2009;"19245";251110;74993;1;9;44;19;45;0;19,64;1;2;0;1;2;43;200908;"{ñ c";"{ñ c";"{ñ c";"{ñ c";"{ñ c";4305;43026;"{ñ c";999;"  11";12;999;99;"{ñ c";999;99;" 9";8299799;2;0;0;NA;NA
1;200906;431490;2009;"19245";251110;74993;1;9;44;19;26;0;20,68;1;1;0;1;2;43;200908;"{ñ c";"{ñ c";"{ñ c";"{ñ c";"{ñ c";4305;43026;"{ñ c";999;"  11";12;999;99;"{ñ c";999;99;" 9";8299799;2;0;0;NA;NA
1;200907;351518;2009;"19245";251110;73202;4;9;44;21;24;0;20;1;1;0;1;2;35;200908;"9999";"{ñ c";"{ñ c";"9999";"{ñ c";3507;35030;"{ñ c";4;"{ñ c";99;20;99;"{ñ c";30;99;"{ñ";7220700;2;0;0;NA;NA
1;200910;351518;2009;"19245";251110;73202;4;9;44;21;23;0;6,5;1;1;0;1;25;35;200912;"9999";"{ñ c";"{ñ c";"9999";"{ñ c";3507;35030;"{ñ c";4;"{ñ c";99;20;99;"{ñ c";30;99;"{ñ";7220700;2;0;2;NA;NA
1;201001;351518;2010;"000-1";251110;73202;4;9;44;21;24;0;15;1;1;0;1;25;35;201002;"9999";"{ñ c";"{ñ c";"9999";"{ñ c";3507;35030;"{ñ c";4;"{ñ c";99;20;99;"{ñ c";30;99;"{ñ";7220700;2;0;0;NA;NA
1;201001;351518;2010;"000-1";251110;73202;4;9;44;21;31;0;22;1;1;0;1;25;35;201002;"9999";"{ñ c";"{ñ c";"9999";"{ñ c";3507;35030;"{ñ c";4;"{ñ c";99;20;99;"{ñ c";30;99;"{ñ";7220700;2;0;0;NA;NA
1;201001;351518;2010;"000-1";251110;73202;4;9;44;21;19;0;5,1;1;2;0;1;25;35;201002;"9999";"{ñ c";"{ñ c";"9999";"{ñ c";3507;35030;"{ñ c";4;"{ñ c";99;20;99;"{ñ c";30;99;"{ñ";7220700;2;0;0;NA;NA
1;201001;351518;2010;"000-1";251110;73202;4;9;44;21;20;0;5,1;1;2;0;1;25;35;201002;"9999";"{ñ c";"{ñ c";"9999";"{ñ c";3507;35030;"{ñ c";4;"{ñ c";99;20;99;"{ñ c";30;99;"{ñ";7220700;2;0;0;NA;NA
1;200906;351060;2009;"19245";251110;74993;4;9;44;19;32;0;40;1;1;0;1;2;35;201003;"9999";"{ñ c";"{ñ c";"9999";"{ñ c";3515;35057;"{ñ c";13;"{ñ c";99;1;99;"{ñ c";31;99;" 7";8299799;2;0;0;NA;NA
2;201003;261110;2010;"000-1";251110;74705;6;9;44;21;23;0;38;-1;2;10;1;4;26;201004;"{ñ c";"{ñ c";"{ñ c";"{ñ c";"{ñ c";2602;26005;"{ñ c";999;"{ñ c";99;999;99;"{ñ c";999;99;"{ñ";8121400;8;0;0;NA;NA
1;201006;351907;2010;"000-1";251110;35211;8;9;44;6;29;0;45;1;2;0;1;1;35;201007;"9999";"{ñ c";"{ñ c";"9999";"{ñ c";3507;35032;"{ñ c";4;"{ñ c";99;15;99;"{ñ c";9;99;"{ñ";3031800;2;0;0;NA;NA
1;201001;431490;2010;"000-1";251110;74209;1;9;20;19;20;0;3,5;1;2;0;1;1;43;201008;"{ñ c";"{ñ c";"{ñ c";"{ñ c";"{ñ c";4305;43026;"{ñ c";999;"  11";12;999;99;"{ñ c";999;99;" 9";7119702;9;0;0;NA;NA
1;201001;431490;2010;"000-1";251110;74209;1;9;44;19;27;0;11;1;1;0;1;2;43;201008;"{ñ c";"{ñ c";"{ñ c";"{ñ c";"{ñ c";4305;43026;"{ñ c";999;"  11";12;999;99;"{ñ c";999;99;" 9";7119702;9;0;0;NA;NA
1;201012;310620;2010;"19245";251110;75116;9;9;6;24;24;0;52,19;1;2;0;1;2;31;201101;"{ñ c";"{ñ c";"{ñ c";"{ñ c";"{ñ c";3107;31030;"{ñ c";999;"{ñ c";99;999;99;"{ñ c";999;99;" 5";8411600;8;0;0;NA;NA
1;201012;310620;2010;"19245";251110;75116;9;9;6;24;29;0;52,19;1;2;0;1;2;31;201101;"{ñ c";"{ñ c";"{ñ c";"{ñ c";"{ñ c";3107;31030;"{ñ c";999;"{ñ c";99;999;99;"{ñ c";999;99;" 5";8411600;8;0;0;NA;NA
2;201004;351518;2010;"19245";251110;73202;3;9;44;21;26;0;12;-1;1;13;1;6;35;201103;"9999";"{ñ c";"{ñ c";"9999";"{ñ c";3507;35030;"{ñ c";4;"{ñ c";99;20;99;"{ñ c";30;99;"{ñ";7220700;2;0;0;NA;NA
2;201004;351518;2010;"19245";251110;73202;3;9;44;21;24;0;7,5;-1;1;16;1;4;35;201103;"9999";"{ñ c";"{ñ c";"9999";"{ñ c";3507;35030;"{ñ c";4;"{ñ c";99;20;99;"{ñ c";30;99;"{ñ";7220700;2;0;0;NA;NA
2;201004;351518;2010;"19245";251110;73202;3;9;44;21;35;0;25;-1;1;13;1;43;35;201103;"9999";"{ñ c";"{ñ c";"9999";"{ñ c";3507;35030;"{ñ c";4;"{ñ c";99;20;99;"{ñ c";30;99;"{ñ";7220700;2;0;0;NA;NA
1;201005;351518;2010;"19245";251110;73202;3;9;44;21;51;0;12,5;1;1;0;1;2;35;201103;"9999";"{ñ c";"{ñ c";"9999";"{ñ c";3507;35030;"{ñ c";4;"{ñ c";99;20;99;"{ñ c";30;99;"{ñ";7220700;2;0;0;NA;NA
1;201005;351518;2010;"19245";251110;73202;3;9;44;21;30;0;12,5;1;2;0;1;2;35;201103;"9999";"{ñ c";"{ñ c";"9999";"{ñ c";3507;35030;"{ñ c";4;"{ñ c";99;20;99;"{ñ c";30;99;"{ñ";7220700;2;0;0;NA;NA
2;201005;351518;2010;"19245";251110;73202;3;9;44;21;30;0;12,5;-1;1;11;1;43;35;201103;"9999";"{ñ c";"{ñ c";"9999";"{ñ c";3507;35030;"{ñ c";4;"{ñ c";99;20;99;"{ñ c";30;99;"{ñ";7220700;2;0;0;NA;NA
1;201005;351518;2010;"19245";251110;73202;3;9;44;21;30;0;12,5;1;1;0;1;2;35;201103;"9999";"{ñ c";"{ñ c";"9999";"{ñ c";3507;35030;"{ñ c";4;"{ñ c";99;20;99;"{ñ c";30;99;"{ñ";7220700;2;0;0;NA;NA
2;201006;351518;2010;"19245";251110;73202;3;9;44;21;30;0;12,5;-1;2;10;1;43;35;201103;"9999";"{ñ c";"{ñ c";"9999";"{ñ c";3507;35030;"{ñ c";4;"{ñ c";99;20;99;"{ñ c";30;99;"{ñ";7220700;2;0;0;NA;NA
1;201006;351518;2010;"19245";251110;73202;3;9;44;21;35;0;9;1;1;0;1;2;35;201103;"9999";"{ñ c";"{ñ c";"9999";"{ñ c";3507;35030;"{ñ c";4;"{ñ c";99;20;99;"{ñ c";30;99;"{ñ";7220700;2;0;0;NA;NA
1;201006;351518;2010;"19245";251110;73202;3;9;44;21;32;0;16;1;1;0;1;2;35;201103;"9999";"{ñ c";"{ñ c";"9999";"{ñ c";3507;35030;"{ñ c";4;"{ñ c";99;20;99;"{ñ c";30;99;"{ñ";7220700;2;0;0;NA;NA
2;201006;351518;2010;"19245";251110;73202;3;9;44;21;25;0;25;-1;2;10;1;43;35;201103;"9999";"{ñ c";"{ñ c";"9999";"{ñ c";3507;35030;"{ñ c";4;"{ñ c";99;20;99;"{ñ c";30;99;"{ñ";7220700;2;0;0;NA;NA
1;201006;351518;2010;"19245";251110;73202;3;9;44;21;25;0;25;1;2;0;1;2;35;201103;"9999";"{ñ c";"{ñ c";"9999";"{ñ c";3507;35030;"{ñ c";4;"{ñ c";99;20;99;"{ñ c";30;99;"{ñ";7220700;2;0;0;NA;NA
1;201007;351518;2010;"19245";251110;73202;3;9;44;21;30;0;16;1;1;0;1;2;35;201103;"9999";"{ñ c";"{ñ c";"9999";"{ñ c";3507;35030;"{ñ c";4;"{ñ c";99;20;99;"{ñ c";30;99;"{ñ";7220700;2;0;0;NA;NA
1;201007;351518;2010;"19245";251110;73202;3;9;44;21;23;0;5,1;1;1;0;1;2;35;201103;"9999";"{ñ c";"{ñ c";"9999";"{ñ c";3507;35030;"{ñ c";4;"{ñ c";99;20;99;"{ñ c";30;99;"{ñ";7220700;2;0;0;NA;NA
1;201007;351518;2010;"19245";251110;73202;3;9;44;21;28;0;5,1;1;1;0;1;2;35;201103;"9999";"{ñ c";"{ñ c";"9999";"{ñ c";3507;35030;"{ñ c";4;"{ñ c";99;20;99;"{ñ c";30;99;"{ñ";7220700;2;0;0;NA;NA
2;201008;351518;2010;"19245";251110;73202;3;9;44;21;51;0;12,5;-1;1;10;1;43;35;201103;"9999";"{ñ c";"{ñ c";"9999";"{ñ c";3507;35030;"{ñ c";4;"{ñ c";99;20;99;"{ñ c";30;99;"{ñ";7220700;2;0;0;NA;NA
2;201008;351518;2010;"19245";251110;73202;3;9;44;21;23;0;5,1;-1;1;8;1;43;35;201103;"9999";"{ñ c";"{ñ c";"9999";"{ñ c";3507;35030;"{ñ c";4;"{ñ c";99;20;99;"{ñ c";30;99;"{ñ";7220700;2;0;0;NA;NA
2;201008;351518;2010;"19245";251110;73202;3;9;44;21;28;0;5,1;-1;1;8;1;43;35;201103;"9999";"{ñ c";"{ñ c";"9999";"{ñ c";3507;35030;"{ñ c";4;"{ñ c";99;20;99;"{ñ c";30;99;"{ñ";7220700;2;0;0;NA;NA
1;201009;351518;2010;"19245";251110;73202;3;9;44;21;51;0;20;1;1;0;1;2;35;201103;"9999";"{ñ c";"{ñ c";"9999";"{ñ c";3507;35030;"{ñ c";4;"{ñ c";99;20;99;"{ñ c";30;99;"{ñ";7220700;2;0;0;NA;NA
2;201009;351518;2010;"19245";251110;73202;3;9;44;21;30;0;16;-1;1;8;1;4;35;201103;"9999";"{ñ c";"{ñ c";"9999";"{ñ c";3507;35030;"{ñ c";4;"{ñ c";99;20;99;"{ñ c";30;99;"{ñ";7220700;2;0;0;NA;NA
1;201009;351518;2010;"19245";251110;73202;3;9;44;21;22;0;12,5;1;2;0;1;2;35;201103;"9999";"{ñ c";"{ñ c";"9999";"{ñ c";3507;35030;"{ñ c";4;"{ñ c";99;20;99;"{ñ c";30;99;"{ñ";7220700;2;0;0;NA;NA
1;201010;351518;2010;"19245";251110;73202;3;9;44;21;32;0;12,5;1;2;0;1;2;35;201103;"9999";"{ñ c";"{ñ c";"9999";"{ñ c";3507;35030;"{ñ c";4;"{ñ c";99;20;99;"{ñ c";30;99;"{ñ";7220700;2;0;0;NA;NA
2;201010;351518;2010;"19245";251110;73202;3;9;44;21;32;0;12,5;-1;2;13;1;4;35;201103;"9999";"{ñ c";"{ñ c";"9999";"{ñ c";3507;35030;"{ñ c";4;"{ñ c";99;20;99;"{ñ c";30;99;"{ñ";7220700;2;0;0;NA;NA
2;201010;351518;2010;"19245";251110;73202;3;9;44;21;22;0;12,5;-1;2;7;1;43;35;201103;"9999";"{ñ c";"{ñ c";"9999";"{ñ c";3507;35030;"{ñ c";4;"{ñ c";99;20;99;"{ñ c";30;99;"{ñ";7220700;2;0;0;NA;NA
1;201010;351518;2010;"19245";251110;73202;3;9;44;21;32;0;16;1;1;0;1;2;35;201103;"9999";"{ñ c";"{ñ c";"9999";"{ñ c";3507;35030;"{ñ c";4;"{ñ c";99;20;99;"{ñ c";30;99;"{ñ";7220700;9;0;0;NA;NA
1;201011;351518;2010;"19245";251110;73202;3;9;44;21;30;0;20;1;1;0;1;2;35;201103;"9999";"{ñ c";"{ñ c";"9999";"{ñ c";3507;35030;"{ñ c";4;"{ñ c";99;20;99;"{ñ c";30;99;"{ñ";7220700;2;0;0;NA;NA
2;201012;351518;2010;"19245";251110;73202;3;9;44;21;51;0;20;-1;1;6;1;4;35;201103;"9999";"{ñ c";"{ñ c";"9999";"{ñ c";3507;35030;"{ñ c";4;"{ñ c";99;20;99;"{ñ c";30;99;"{ñ";7220700;2;0;0;NA;NA
1;201012;351518;2010;"19245";251110;73202;3;9;44;21;31;0;36;1;1;0;1;2;35;201103;"9999";"{ñ c";"{ñ c";"9999";"{ñ c";3507;35030;"{ñ c";4;"{ñ c";99;20;99;"{ñ c";30;99;"{ñ";7220700;9;0;0;NA;NA
1;201012;351518;2010;"19245";251110;73202;3;9;44;21;22;0;7,5;1;1;0;1;2;35;201103;"9999";"{ñ c";"{ñ c";"9999";"{ñ c";3507;35030;"{ñ c";4;"{ñ c";99;20;99;"{ñ c";30;99;"{ñ";7220700;9;0;0;NA;NA
2;201012;351518;2010;"19245";251110;73202;3;9;44;21;32;0;12,5;-1;2;5;1;43;35;201103;"9999";"{ñ c";"{ñ c";"9999";"{ñ c";3507;35030;"{ñ c";4;"{ñ c";99;20;99;"{ñ c";30;99;"{ñ";7220700;2;0;0;NA;NA
1;201012;351518;2010;"19245";251110;73202;3;9;44;21;28;0;7,5;1;1;0;1;2;35;201103;"9999";"{ñ c";"{ñ c";"9999";"{ñ c";3507;35030;"{ñ c";4;"{ñ c";99;20;99;"{ñ c";30;99;"{ñ";7220700;9;0;0;NA;NA
1;201101;351518;2011;"19245";251110;73202;3;9;44;21;40;0;7,5;1;1;0;1;2;35;201103;"9999";"{ñ c";"{ñ c";"9999";"{ñ c";3507;35030;"{ñ c";4;"{ñ c";99;20;99;"{ñ c";30;99;"{ñ";7220700;9;0;0;NA;NA
2;201101;351518;2011;"19245";251110;73202;3;9;44;21;32;0;16;-1;1;10;1;4;35;201103;"9999";"{ñ c";"{ñ c";"9999";"{ñ c";3507;35030;"{ñ c";4;"{ñ c";99;20;99;"{ñ c";30;99;"{ñ";7220700;2;0;0;NA;NA
2;201101;351518;2011;"19245";251110;73202;3;9;44;21;22;0;7,5;-1;1;3;1;43;35;201103;"9999";"{ñ c";"{ñ c";"9999";"{ñ c";3507;35030;"{ñ c";4;"{ñ c";99;20;99;"{ñ c";30;99;"{ñ";7220700;9;0;0;NA;NA
1;201101;351518;2011;"19245";251110;73202;3;9;44;21;25;0;5,45;1;1;0;1;2;35;201103;"9999";"{ñ c";"{ñ c";"9999";"{ñ c";3507;35030;"{ñ c";4;"{ñ c";99;20;99;"{ñ c";30;99;"{ñ";7220700;9;0;0;NA;NA
1;201101;351518;2011;"19245";251110;73202;3;9;44;21;23;0;7,5;1;1;0;1;2;35;201103;"9999";"{ñ c";"{ñ c";"9999";"{ñ c";3507;35030;"{ñ c";4;"{ñ c";99;20;99;"{ñ c";30;99;"{ñ";7220700;9;0;0;NA;NA
2;201102;351518;2011;"19245";251110;73202;3;9;44;21;30;0;20;-1;1;5;1;4;35;201103;"9999";"{ñ c";"{ñ c";"9999";"{ñ c";3507;35030;"{ñ c";4;"{ñ c";99;20;99;"{ñ c";30;99;"{ñ";7220700;2;0;0;NA;NA
1;201102;351518;2011;"19245";251110;73202;3;9;44;21;26;0;12,5;1;1;0;1;2;35;201103;"9999";"{ñ c";"{ñ c";"9999";"{ñ c";3507;35030;"{ñ c";4;"{ñ c";99;20;99;"{ñ c";30;99;"{ñ";7220700;9;0;0;NA;NA
1;201102;351518;2011;"19245";251110;73202;3;9;44;21;25;0;15;1;1;0;1;1;35;201103;"9999";"{ñ c";"{ñ c";"9999";"{ñ c";3507;35030;"{ñ c";4;"{ñ c";99;20;99;"{ñ c";30;99;"{ñ";7220700;9;0;0;NA;NA
1;201102;351518;2011;"19245";251110;73202;3;9;44;21;22;0;5,6;1;1;0;1;2;35;201103;"9999";"{ñ c";"{ñ c";"9999";"{ñ c";3507;35030;"{ñ c";4;"{ñ c";99;20;99;"{ñ c";30;99;"{ñ";7220700;9;0;0;NA;NA
2;201102;351518;2011;"19245";251110;73202;3;9;44;21;23;0;7,5;-1;1;2;1;43;35;201103;"9999";"{ñ c";"{ñ c";"9999";"{ñ c";3507;35030;"{ñ c";4;"{ñ c";99;20;99;"{ñ c";30;99;"{ñ";7220700;9;0;0;NA;NA
2;201102;351518;2011;"19245";251110;73202;3;9;44;21;28;0;7,5;-1;1;3;1;43;35;201103;"9999";"{ñ c";"{ñ c";"9999";"{ñ c";3507;35030;"{ñ c";4;"{ñ c";99;20;99;"{ñ c";30;99;"{ñ";7220700;9;0;0;NA;NA
1;201101;313110;2011;"19245";251110;45128;1;9;44;15;30;0;45;1;1;0;1;2;31;201104;"{ñ c";"{ñ c";"{ñ c";"{ñ c";"{ñ c";3106;31025;"{ñ c";999;"{ñ c";99;999;99;"{ñ c";999;99;"{ñ";4312600;2;0;0;NA;NA
1;201101;313110;2011;"19245";251110;45128;1;9;44;15;24;0;45;1;2;0;1;1;31;201104;"{ñ c";"{ñ c";"{ñ c";"{ñ c";"{ñ c";3106;31025;"{ñ c";999;"{ñ c";99;999;99;"{ñ c";999;99;"{ñ";4312600;2;0;0;NA;NA
2;201104;520870;2011;"19245";251110;74993;3;9;44;19;26;0;20,14;-1;1;16;1;4;52;201105;"{ñ c";"{ñ c";"{ñ c";"{ñ c";"{ñ c";5203;52010;"{ñ c";999;"{ñ c";99;999;99;"{ñ c";999;99;"{ñ";8211300;2;0;0;NA;NA
1;201103;351518;2011;"19245";251110;73202;3;9;44;21;25;0;20;1;2;0;1;25;35;201106;"9999";"{ñ c";"{ñ c";"9999";"{ñ c";3507;35030;"{ñ c";4;"{ñ c";99;20;99;"{ñ c";30;99;"{ñ";7220700;2;0;0;NA;NA
1;201103;351518;2011;"19245";251110;73202;3;9;44;21;22;0;7,5;1;2;0;1;25;35;201106;"9999";"{ñ c";"{ñ c";"9999";"{ñ c";3507;35030;"{ñ c";4;"{ñ c";99;20;99;"{ñ c";30;99;"{ñ";7220700;2;0;0;NA;NA
1;201104;351518;2011;"19245";251110;73202;3;9;44;21;48;0;25;1;1;0;1;25;35;201106;"9999";"{ñ c";"{ñ c";"9999";"{ñ c";3507;35030;"{ñ c";4;"{ñ c";99;20;99;"{ñ c";30;99;"{ñ";7220700;2;0;0;NA;NA
1;201104;351518;2011;"19245";251110;73202;3;9;44;21;38;0;25;1;1;0;1;25;35;201106;"9999";"{ñ c";"{ñ c";"9999";"{ñ c";3507;35030;"{ñ c";4;"{ñ c";99;20;99;"{ñ c";30;99;"{ñ";7220700;2;0;0;NA;NA
1;201105;292740;2011;"19245";251110;74160;4;9;40;19;38;0;15;1;1;0;1;2;29;201106;"{ñ c";"{ñ c";"{ñ c";"{ñ c";"{ñ c";2905;29021;"{ñ c";999;"{ñ c";99;999;99;"{ñ c";999;99;" 4";8550302;8;0;0;NA;NA
1;201105;351518;2011;"19245";251110;73202;3;9;44;21;24;0;7,5;1;2;0;1;25;35;201106;"9999";"{ñ c";"{ñ c";"9999";"{ñ c";3507;35030;"{ñ c";4;"{ñ c";99;20;99;"{ñ c";30;99;"{ñ";7220700;2;0;0;NA;NA
1;201105;351518;2011;"19245";251110;73202;3;9;44;21;27;0;7,5;1;2;0;1;25;35;201106;"9999";"{ñ c";"{ñ c";"9999";"{ñ c";3507;35030;"{ñ c";4;"{ñ c";99;20;99;"{ñ c";30;99;"{ñ";7220700;2;0;0;NA;NA
2;201104;431490;2011;"19245";251110;74209;1;9;44;19;28;0;11;-1;1;18;1;4;43;201107;"{ñ c";"{ñ c";"{ñ c";"{ñ c";"{ñ c";4305;43026;"{ñ c";999;"  11";12;999;99;"{ñ c";999;99;" 9";7119702;9;0;0;NA;NA
2;201101;330455;2011;"19245";251110;45217;5;9;44;15;28;0;10;-1;1;13;3;4;33;201109;"{ñ c";"{ñ c";"{ñ c";"{ñ c";"{ñ c";3306;33018;"{ñ c";999;"{ñ c";99;999;99;"{ñ c";999;99;" 6";4120400;4;0;0;NA;NA
1;201108;351518;2011;"19245";251110;73202;3;9;44;21;26;0;16;1;1;0;1;25;35;201109;"9999";"{ñ c";"{ñ c";"9999";"{ñ c";3507;35030;"{ñ c";4;"{ñ c";99;20;99;"{ñ c";30;99;"{ñ";7220700;2;0;0;NA;NA
1;201108;351518;2011;"19245";251110;73202;3;9;44;21;22;0;9;1;2;0;1;25;35;201109;"9999";"{ñ c";"{ñ c";"9999";"{ñ c";3507;35030;"{ñ c";4;"{ñ c";99;20;99;"{ñ c";30;99;"{ñ";7220700;2;0;0;NA;NA
1;201108;510340;2011;"19245";251110;74993;1;9;44;19;25;0;20;1;2;0;1;2;51;201109;"{ñ c";"{ñ c";"{ñ c";"{ñ c";"{ñ c";5104;51017;"{ñ c";999;"{ñ c";99;999;99;"{ñ c";999;99;"{ñ";7490199;8;0;0;NA;NA
1;201110;330455;2011;"19245";251110;74209;7;9;44;19;33;0;66,33;1;1;0;1;2;33;201111;"{ñ c";"{ñ c";"{ñ c";"{ñ c";"{ñ c";3306;33018;"{ñ c";999;"{ñ c";99;999;99;"{ñ c";999;99;" 6";7112000;2;0;0;NA;NA
1;201110;351518;2011;"19245";251110;73202;3;9;44;21;21;0;5,45;1;2;0;1;2;35;201112;"9999";"{ñ c";"{ñ c";"9999";"{ñ c";3507;35030;"{ñ c";4;"{ñ c";99;20;99;"{ñ c";30;99;"{ñ";7220700;2;0;0;NA;NA
1;201110;351518;2011;"19245";251110;73202;3;9;44;21;22;0;9;1;2;0;1;25;35;201112;"9999";"{ñ c";"{ñ c";"9999";"{ñ c";3507;35030;"{ñ c";4;"{ñ c";99;20;99;"{ñ c";30;99;"{ñ";7220700;2;0;0;NA;NA
1;201107;330455;2011;"19245";251110;74993;2;9;44;19;31;0;30;1;1;0;1;2;33;201201;"{ñ c";"{ñ c";"{ñ c";"{ñ c";"{ñ c";3306;33018;"{ñ c";999;"{ñ c";99;999;99;"{ñ c";999;99;" 6";7490199;9;0;0;NA;NA
1;201107;330455;2011;"19245";251110;74993;2;9;44;19;43;0;20;1;1;0;1;2;33;201201;"{ñ c";"{ñ c";"{ñ c";"{ñ c";"{ñ c";3306;33018;"{ñ c";999;"{ñ c";99;999;99;"{ñ c";999;99;" 6";7490199;9;0;0;NA;NA
1;201107;330455;2011;"19245";251110;74993;2;9;44;19;29;0;20;1;2;0;1;2;33;201201;"{ñ c";"{ñ c";"{ñ c";"{ñ c";"{ñ c";3306;33018;"{ñ c";999;"{ñ c";99;999;99;"{ñ c";999;99;" 6";7490199;9;0;0;NA;NA
1;201108;330455;2011;"19245";251110;74993;2;9;44;19;45;0;36;1;2;0;1;2;33;201201;"{ñ c";"{ñ c";"{ñ c";"{ñ c";"{ñ c";3306;33018;"{ñ c";999;"{ñ c";99;999;99;"{ñ c";999;99;" 6";7490199;9;0;0;NA;NA
1;201108;330455;2011;"19245";251110;74993;2;9;44;19;36;0;30;1;2;0;1;2;33;201201;"{ñ c";"{ñ c";"{ñ c";"{ñ c";"{ñ c";3306;33018;"{ñ c";999;"{ñ c";99;999;99;"{ñ c";999;99;" 6";7490199;9;0;0;NA;NA
2;201108;330455;2011;"19245";251110;74993;2;9;44;19;43;0;20;-1;1;5;1;4;33;201201;"{ñ c";"{ñ c";"{ñ c";"{ñ c";"{ñ c";3306;33018;"{ñ c";999;"{ñ c";99;999;99;"{ñ c";999;99;" 6";7490199;9;0;0;NA;NA
1;201109;330455;2011;"19245";251110;74993;2;9;44;19;28;0;30;1;1;0;1;2;33;201201;"{ñ c";"{ñ c";"{ñ c";"{ñ c";"{ñ c";3306;33018;"{ñ c";999;"{ñ c";99;999;99;"{ñ c";999;99;" 6";7490199;9;0;0;NA;NA
1;201109;330455;2011;"19245";251110;74993;2;9;44;19;52;0;36;1;1;0;1;2;33;201201;"{ñ c";"{ñ c";"{ñ c";"{ñ c";"{ñ c";3306;33018;"{ñ c";999;"{ñ c";99;999;99;"{ñ c";999;99;" 6";7490199;9;0;0;NA;NA
1;201109;330455;2011;"19245";251110;74993;2;9;44;19;45;0;30;1;2;0;1;2;33;201201;"{ñ c";"{ñ c";"{ñ c";"{ñ c";"{ñ c";3306;33018;"{ñ c";999;"{ñ c";99;999;99;"{ñ c";999;99;" 6";7490199;9;0;0;NA;NA
1;201109;330455;2011;"19245";251110;74993;2;9;44;19;27;0;31;1;1;0;1;2;33;201201;"{ñ c";"{ñ c";"{ñ c";"{ñ c";"{ñ c";3306;33018;"{ñ c";999;"{ñ c";99;999;99;"{ñ c";999;99;" 6";7490199;9;0;0;NA;NA
2;201110;330455;2011;"19245";251110;74993;2;9;44;19;29;0;20;-1;2;6;1;4;33;201201;"{ñ c";"{ñ c";"{ñ c";"{ñ c";"{ñ c";3306;33018;"{ñ c";999;"{ñ c";99;999;99;"{ñ c";999;99;" 6";7490199;9;0;0;NA;NA
2;201110;330455;2011;"19245";251110;74993;2;9;44;19;36;0;30;-1;2;6;1;4;33;201201;"{ñ c";"{ñ c";"{ñ c";"{ñ c";"{ñ c";3306;33018;"{ñ c";999;"{ñ c";99;999;99;"{ñ c";999;99;" 6";7490199;9;0;0;NA;NA
1;201203;292530;2012;"19245";251110;91995;2;9;44;21;39;0;31,49;1;1;0;1;2;29;201204;"{ñ c";"{ñ c";"{ñ c";"{ñ c";"{ñ c";2907;29032;"{ñ c";999;"{ñ c";99;999;99;"{ñ c";999;99;"{ñ";9430800;8;0;0;NA;NA
1;201203;353440;2012;"19245";251110;74993;9;9;44;19;41;0;75;1;1;0;1;2;35;201204;"9999";"{ñ c";"{ñ c";"9999";"{ñ c";3515;35057;"{ñ c";13;"{ñ c";99;1;99;"{ñ c";31;99;" 7";8299799;2;0;0;NA;NA
2;201204;351518;2012;"19245";251110;73202;4;9;44;21;33;0;28,5;-1;1;28;1;4;35;201205;"9999";"{ñ c";"{ñ c";"9999";"{ñ c";3507;35030;"{ñ c";4;"{ñ c";99;20;99;"{ñ c";30;99;"{ñ";7220700;9;0;0;NA;NA
1;201207;311750;2012;"19245";251110;73202;1;9;44;21;28;0;36;1;1;0;1;2;31;201208;"{ñ c";"{ñ c";"{ñ c";"{ñ c";"{ñ c";3107;31028;"{ñ c";999;"{ñ c";99;999;99;"{ñ c";999;99;"{ñ";7220700;2;0;0;NA;NA
1;201207;311750;2012;"19245";251110;73202;1;9;44;21;33;0;36;1;2;0;1;2;31;201208;"{ñ c";"{ñ c";"{ñ c";"{ñ c";"{ñ c";3107;31028;"{ñ c";999;"{ñ c";99;999;99;"{ñ c";999;99;"{ñ";7220700;2;0;0;NA;NA
1;201208;330455;2012;"19245";251110;92525;3;9;44;21;46;0;35;1;2;0;1;2;33;201209;"{ñ c";"{ñ c";"1000";"{ñ c";"{ñ c";3306;33018;"  07";999;"{ñ c";99;999;99;"{ñ c";999;99;" 6";9102301;2;0;0;NA;NA
1;201209;260960;2012;"19245";251110;45314;6;9;44;15;29;0;15;1;1;0;1;2;26;201212;"{ñ c";"{ñ c";"{ñ c";"{ñ c";"{ñ c";2605;26017;"{ñ c";999;"{ñ c";99;999;99;"{ñ c";999;99;" 3";4221902;8;0;0;NA;NA
1;201211;130260;2012;"19245";251110;45217;5;9;44;15;29;0;45;1;1;0;1;2;13;201212;"{ñ c";"{ñ c";"{ñ c";"{ñ c";"{ñ c";1303;13007;"{ñ c";999;"{ñ c";99;999;99;"{ñ c";999;99;"{ñ";4120400;8;0;0;NA;NA
1;201211;311750;2012;"19245";251110;73202;1;9;44;21;22;0;16,3;1;1;0;1;2;31;201301;"{ñ c";"{ñ c";"{ñ c";"{ñ c";"{ñ c";3107;31028;"{ñ c";999;"{ñ c";99;999;99;"{ñ c";999;99;"{ñ";7220700;2;0;0;NA;NA
2;201301;261160;2013;"19245";251110;74128;6;9;44;19;34;0;6,78;-1;2;6;1;6;26;201303;"{ñ c";"{ñ c";"{ñ c";"{ñ c";"{ñ c";2605;26017;"{ñ c";999;"{ñ c";99;999;99;"{ñ c";999;99;" 3";6920601;8;0;0;NA;NA
1;201302;261160;2013;"19245";251110;74128;6;9;44;19;25;0;6,78;1;2;0;1;1;26;201303;"{ñ c";"{ñ c";"{ñ c";"{ñ c";"{ñ c";2605;26017;"{ñ c";999;"{ñ c";99;999;99;"{ñ c";999;99;" 3";6920601;8;0;0;NA;NA
1;201303;351518;2013;"19245";251110;73202;3;9;44;21;25;0;20;1;1;0;1;25;35;201306;"9999";"{ñ c";"{ñ c";"9999";"{ñ c";3507;35030;"{ñ c";4;"{ñ c";99;20;99;"{ñ c";30;99;"{ñ";7220700;2;0;0;NA;NA
2;201303;431560;2013;"19245";251110;73202;1;9;40;21;28;0;7;-1;2;13;1;4;43;201306;"{ñ c";"{ñ c";"{ñ c";"{ñ c";"{ñ c";4307;43035;"{ñ c";999;"  18";20;999;99;"{ñ c";999;99;"{ñ";7220700;2;0;0;NA;NA
1;201306;351518;2013;"19245";251110;73202;3;9;44;21;39;0;20;1;1;0;1;25;35;201307;"9999";"{ñ c";"{ñ c";"9999";"{ñ c";3507;35030;"{ñ c";4;"{ñ c";99;20;99;"{ñ c";30;99;"{ñ";7220700;2;0;0;NA;NA
1;201306;351518;2013;"19245";251110;73202;3;9;44;21;20;0;9;1;1;0;1;25;35;201307;"9999";"{ñ c";"{ñ c";"9999";"{ñ c";3507;35030;"{ñ c";4;"{ñ c";99;20;99;"{ñ c";30;99;"{ñ";7220700;2;0;0;NA;NA
1;201306;351518;2013;"19245";251110;73202;3;9;44;21;22;0;9;1;2;0;1;25;35;201307;"9999";"{ñ c";"{ñ c";"9999";"{ñ c";3507;35030;"{ñ c";4;"{ñ c";99;20;99;"{ñ c";30;99;"{ñ";7220700;2;0;0;NA;NA
1;201306;351518;2013;"19245";251110;73202;3;9;44;21;25;0;12,5;1;1;0;1;25;35;201307;"9999";"{ñ c";"{ñ c";"9999";"{ñ c";3507;35030;"{ñ c";4;"{ñ c";99;20;99;"{ñ c";30;99;"{ñ";7220700;2;0;0;NA;NA
1;201306;530010;2013;"19245";251110;51659;2;9;44;17;41;0;6,78;1;1;0;1;2;53;201307;"{ñ c";"{ñ c";"{ñ c";"{ñ c";"{ñ c";5301;53001;"{ñ c";999;"{ñ c";99;999;99;"{ñ c";999;99;"{ñ";4651601;8;0;0;NA;NA
1;201308;130260;2013;"19245";251110;74209;4;9;44;19;23;0;30;1;1;0;1;2;13;201309;"{ñ c";"{ñ c";"{ñ c";"{ñ c";"{ñ c";1303;13007;"{ñ c";999;"{ñ c";99;999;99;"{ñ c";999;99;"{ñ";7112000;8;0;0;NA;NA
1;201308;130260;2013;"19245";251110;74209;4;9;44;19;29;0;30;1;1;0;1;2;13;201309;"{ñ c";"{ñ c";"{ñ c";"{ñ c";"{ñ c";1303;13007;"{ñ c";999;"{ñ c";99;999;99;"{ñ c";999;99;"{ñ";7112000;8;0;0;NA;NA
1;201301;330455;2013;"19245";251110;74993;1;9;44;19;33;0;27;1;1;0;1;2;33;201310;"{ñ c";"{ñ c";"{ñ c";"{ñ c";"{ñ c";3306;33018;"{ñ c";999;"{ñ c";99;999;99;"{ñ c";999;99;" 6";7490199;8;0;0;NA;NA
1;201303;330455;2013;"19245";251110;74993;1;9;44;19;48;0;30;1;1;0;1;1;33;201310;"{ñ c";"{ñ c";"{ñ c";"{ñ c";"{ñ c";3306;33018;"{ñ c";999;"{ñ c";99;999;99;"{ñ c";999;99;" 6";7490199;8;0;0;NA;NA
1;201303;330455;2013;"19245";251110;74993;1;9;44;19;49;0;30;1;2;0;1;2;33;201310;"{ñ c";"{ñ c";"{ñ c";"{ñ c";"{ñ c";3306;33018;"{ñ c";999;"{ñ c";99;999;99;"{ñ c";999;99;" 6";7490199;8;0;0;NA;NA
1;201303;330455;2013;"19245";251110;74993;1;9;44;19;52;0;30;1;2;0;1;1;33;201310;"{ñ c";"{ñ c";"{ñ c";"{ñ c";"{ñ c";3306;33018;"{ñ c";999;"{ñ c";99;999;99;"{ñ c";999;99;" 6";7490199;8;0;0;NA;NA
1;201309;130260;2013;"19245";251110;74209;4;9;44;19;35;0;30;1;1;0;1;2;13;201310;"{ñ c";"{ñ c";"{ñ c";"{ñ c";"{ñ c";1303;13007;"{ñ c";999;"{ñ c";99;999;99;"{ñ c";999;99;"{ñ";7112000;8;0;0;NA;NA
1;201309;130260;2013;"19245";251110;74209;4;9;44;19;36;0;30;1;1;0;1;2;13;201310;"{ñ c";"{ñ c";"{ñ c";"{ñ c";"{ñ c";1303;13007;"{ñ c";999;"{ñ c";99;999;99;"{ñ c";999;99;"{ñ";7112000;8;0;0;NA;NA
1;201309;211130;2013;"19245";251110;73202;1;9;44;21;23;0;14,4;1;2;0;1;2;21;201310;"{ñ c";"{ñ c";"{ñ c";"{ñ c";"{ñ c";2101;21002;"{ñ c";999;"{ñ c";99;999;99;"{ñ c";999;99;"{ñ";7220700;8;0;0;NA;NA
2;201309;330455;2013;"19245";251110;74993;1;9;44;19;48;0;30;-1;1;7;1;43;33;201310;"{ñ c";"{ñ c";"{ñ c";"{ñ c";"{ñ c";3306;33018;"{ñ c";999;"{ñ c";99;999;99;"{ñ c";999;99;" 6";7490199;8;0;0;NA;NA
1;201309;330455;2013;"19245";251110;74993;1;9;44;19;54;0;30;1;1;0;1;2;33;201310;"{ñ c";"{ñ c";"{ñ c";"{ñ c";"{ñ c";3306;33018;"{ñ c";999;"{ñ c";99;999;99;"{ñ c";999;99;" 6";7490199;8;0;0;NA;NA
2;201309;330455;2013;"19245";251110;74993;1;9;44;19;33;0;27;-1;1;9;1;4;33;201310;"{ñ c";"{ñ c";"{ñ c";"{ñ c";"{ñ c";3306;33018;"{ñ c";999;"{ñ c";99;999;99;"{ñ c";999;99;" 6";7490199;8;0;0;NA;NA
1;201309;311750;2013;"19245";251110;73202;1;9;44;21;22;0;27;1;2;0;1;2;31;201311;"{ñ c";"{ñ c";"{ñ c";"{ñ c";"{ñ c";3107;31028;"{ñ c";999;"{ñ c";99;999;99;"{ñ c";999;99;"{ñ";7220700;2;0;0;NA;NA
2;201309;311750;2013;"19245";251110;73202;1;9;44;21;22;0;27;-1;2;3;1;6;31;201311;"{ñ c";"{ñ c";"{ñ c";"{ñ c";"{ñ c";3107;31028;"{ñ c";999;"{ñ c";99;999;99;"{ñ c";999;99;"{ñ";7220700;2;0;0;NA;NA
1;201310;130260;2013;"19245";251110;74209;4;9;44;19;25;0;30;1;1;0;1;2;13;201311;"{ñ c";"{ñ c";"{ñ c";"{ñ c";"{ñ c";1303;13007;"{ñ c";999;"{ñ c";99;999;99;"{ñ c";999;99;"{ñ";7112000;8;0;0;NA;NA
2;201403;330455;2014;"19245";251110;74209;4;9;44;19;46;0;20;-1;2;7;1;4;33;201404;"{ñ c";"{ñ c";"{ñ c";"{ñ c";"{ñ c";3306;33018;"{ñ c";999;"{ñ c";99;999;99;"{ñ c";999;99;" 6";7112000;2;0;0;NA;NA
1;201403;351518;2014;"19245";251110;73202;3;9;44;21;23;0;10,68;1;2;0;1;2;35;201405;"9999";"{ñ c";"{ñ c";"9999";"{ñ c";3507;35030;"{ñ c";4;"{ñ c";99;20;99;"{ñ c";30;99;"{ñ";7220700;2;0;0;NA;NA
1;201405;310620;2014;"19245";251110;74993;1;9;44;19;28;0;30;1;1;0;1;2;31;201406;"{ñ c";"{ñ c";"{ñ c";"{ñ c";"{ñ c";3107;31030;"{ñ c";999;"{ñ c";99;999;99;"{ñ c";999;99;" 5";8299799;2;0;0;NA;NA
1;201405;431560;2014;"19245";251110;73202;1;9;40;21;27;0;10;1;1;0;1;2;43;201406;"{ñ c";"{ñ c";"{ñ c";"{ñ c";"{ñ c";4307;43035;"{ñ c";999;"  18";20;999;99;"{ñ c";999;99;"{ñ";7220700;2;0;0;NA;NA
2;201407;500020;2014;"19245";251110;52329;2;9;44;16;33;0;7,8;-1;1;149;1;4;50;201408;"{ñ c";"{ñ c";"{ñ c";"{ñ c";"{ñ c";5003;50007;"{ñ c";999;"{ñ c";99;999;99;"{ñ c";999;99;"{ñ";4781400;9;0;0;NA;NA
2;201408;431560;2014;"19245";251110;73202;1;9;44;21;26;0;20;-1;1;4;1;11;43;201409;"{ñ c";"{ñ c";"{ñ c";"{ñ c";"{ñ c";4307;43035;"{ñ c";999;"  18";20;999;99;"{ñ c";999;99;"{ñ";7220700;2;0;0;NA;NA
1;201407;530010;2014;"19245";251110;65994;5;9;44;18;32;0;61;1;2;0;1;2;53;201411;"{ñ c";"{ñ c";"{ñ c";"{ñ c";"{ñ c";5301;53001;"{ñ c";999;"{ñ c";99;999;99;"{ñ c";999;99;"{ñ";6463800;2;0;0;NA;NA
1;201408;330455;2014;"19245";251110;55220;2;9;44;21;28;0;8,8;1;2;0;1;2;33;201411;"{ñ c";"{ñ c";"{ñ c";"{ñ c";"{ñ c";3306;33018;"{ñ c";999;"{ñ c";99;999;99;"{ñ c";999;99;" 6";5611203;2;0;0;NA;NA
2;201408;330455;2014;"19245";251110;55220;2;9;44;21;20;0;8;-1;2;6;1;6;33;201411;"{ñ c";"{ñ c";"{ñ c";"{ñ c";"{ñ c";3306;33018;"{ñ c";999;"{ñ c";99;999;99;"{ñ c";999;99;" 6";5611203;2;0;0;NA;NA
2;201409;330455;2014;"19245";251110;55220;2;9;44;21;24;0;8,8;-1;1;7;1;6;33;201411;"{ñ c";"{ñ c";"{ñ c";"{ñ c";"{ñ c";3306;33018;"{ñ c";999;"{ñ c";99;999;99;"{ñ c";999;99;" 6";5611203;2;0;0;NA;NA
1;201409;330455;2014;"19245";251110;55220;2;9;44;21;28;0;8,8;1;2;0;1;2;33;201411;"{ñ c";"{ñ c";"{ñ c";"{ñ c";"{ñ c";3306;33018;"{ñ c";999;"{ñ c";99;999;99;"{ñ c";999;99;" 6";5611203;2;0;0;NA;NA
2;201409;355030;2014;"19245";251110;74128;2;9;44;19;31;0;35,33;-1;2;20;1;4;35;201411;"1169";"{ñ c";"{ñ c";"5200";"{ñ c";3515;35061;"{ñ c";13;"{ñ c";99;1;99;"{ñ c";46;99;" 7";6920601;2;0;0;NA;NA
1;201412;351518;2014;"19245";251110;73202;3;9;44;21;20;0;9;1;2;0;1;1;35;201501;"9999";"{ñ c";"{ñ c";"9999";"{ñ c";3507;35030;"{ñ c";4;"{ñ c";99;20;99;"{ñ c";30;99;"{ñ";7220700;2;0;0;NA;NA
1;201412;110020;2014;"19245";251110;52124;6;9;44;16;32;0;20;1;2;0;1;2;11;201501;"{ñ c";"{ñ c";"{ñ c";"{ñ c";"{ñ c";1101;11001;"{ñ c";999;"{ñ c";99;999;99;"{ñ c";999;99;"{ñ";4711302;8;0;0;NA;NA
1;201409;353060;2014;"19245";251110;60240;8;9;44;20;50;0;130;1;1;0;1;2;35;201504;"9999";"{ñ c";"{ñ c";"9999";"{ñ c";3515;35062;"{ñ c";13;"{ñ c";99;1;99;"{ñ c";29;99;" 7";4922102;2;0;0;NA;NA
1;201502;230440;2015;"19245";251110;52329;3;9;44;16;23;0;8,3;1;2;0;1;2;23;201505;"{ñ c";"{ñ c";"{ñ c";"{ñ c";"{ñ c";2303;23016;"{ñ c";999;"{ñ c";99;999;99;"{ñ c";999;99;" 2";4781400;8;0;0;NA;NA
1;201504;240325;2015;"19245";251110;73202;1;9;44;21;29;0;30;1;1;0;1;2;24;201505;"{ñ c";"{ñ c";"{ñ c";"{ñ c";"{ñ c";2404;24018;"{ñ c";999;"{ñ c";99;999;99;"{ñ c";999;99;"{ñ";7220700;9;0;0;NA;NA
1;201407;330455;2014;"19245";251110;55220;3;9;44;21;23;0;8;1;1;0;1;2;33;201506;"{ñ c";"{ñ c";"{ñ c";"{ñ c";"{ñ c";3306;33018;"{ñ c";999;"{ñ c";99;999;99;"{ñ c";999;99;" 6";5611203;2;0;0;NA;NA
2;201407;330455;2014;"19245";251110;55220;3;9;44;21;23;0;8;-1;1;12;1;5;33;201506;"{ñ c";"{ñ c";"{ñ c";"{ñ c";"{ñ c";3306;33018;"{ñ c";999;"{ñ c";99;999;99;"{ñ c";999;99;" 6";5611203;2;0;0;NA;NA
1;201407;330455;2014;"19245";251110;55220;3;9;44;21;19;0;8,8;1;2;0;1;2;33;201506;"{ñ c";"{ñ c";"{ñ c";"{ñ c";"{ñ c";3306;33018;"{ñ c";999;"{ñ c";99;999;99;"{ñ c";999;99;" 6";5611203;2;0;0;NA;NA
2;201407;330455;2014;"19245";251110;55220;3;9;44;21;20;0;8;-1;2;13;1;6;33;201506;"{ñ c";"{ñ c";"{ñ c";"{ñ c";"{ñ c";3306;33018;"{ñ c";999;"{ñ c";99;999;99;"{ñ c";999;99;" 6";5611203;2;0;0;NA;NA
1;201407;330455;2014;"19245";251110;55220;3;9;44;21;22;0;8,8;1;1;0;1;2;33;201506;"{ñ c";"{ñ c";"{ñ c";"{ñ c";"{ñ c";3306;33018;"{ñ c";999;"{ñ c";99;999;99;"{ñ c";999;99;" 6";5611203;2;0;0;NA;NA
2;201505;410690;2015;"19245";251110;2135;3;9;44;25;24;0;18;-1;1;13;1;4;41;201507;"{ñ c";"{ñ c";"{ñ c";"{ñ c";"{ñ c";4110;41037;"{ñ c";999;"{ñ c";99;999;7;"  02";999;1;" 8";230600;2;0;0;NA;NA
1;201505;240810;2015;"19245";251110;73202;3;9;44;21;28;0;31,86;1;2;0;1;1;24;201509;"{ñ c";"{ñ c";"{ñ c";"{ñ c";"{ñ c";2404;24018;"{ñ c";999;"{ñ c";99;999;99;"{ñ c";999;99;"{ñ";7220700;9;0;0;NA;NA
1;201508;410690;2015;"19245";251110;73202;3;9;44;21;44;0;35;1;1;0;1;2;41;201511;"{ñ c";"{ñ c";"{ñ c";"{ñ c";"{ñ c";4110;41037;"{ñ c";999;"{ñ c";99;999;7;"  02";999;1;" 8";7220700;9;0;0;NA;NA
1;201508;410690;2015;"19245";251110;73202;3;9;30;21;22;0;10,91;1;1;0;1;2;41;201511;"{ñ c";"{ñ c";"{ñ c";"{ñ c";"{ñ c";4110;41037;"{ñ c";999;"{ñ c";99;999;7;"  02";999;1;" 8";7220700;9;0;0;NA;NA
2;201508;410690;2015;"19245";251110;73202;3;9;44;21;28;0;49,08;-1;1;9;1;6;41;201511;"{ñ c";"{ñ c";"{ñ c";"{ñ c";"{ñ c";4110;41037;"{ñ c";999;"{ñ c";99;999;7;"  02";999;1;" 8";7220700;9;0;0;NA;NA
2;201508;410690;2015;"19245";251110;73202;3;9;44;21;29;0;31,33;-1;2;9;1;6;41;201511;"{ñ c";"{ñ c";"{ñ c";"{ñ c";"{ñ c";4110;41037;"{ñ c";999;"{ñ c";99;999;7;"  02";999;1;" 8";7220700;9;0;0;NA;NA
2;201510;410690;2015;"19245";251110;73202;3;9;44;21;44;0;35;-1;1;3;1;6;41;201511;"{ñ c";"{ñ c";"{ñ c";"{ñ c";"{ñ c";4110;41037;"{ñ c";999;"{ñ c";99;999;7;"  02";999;1;" 8";7220700;9;0;0;NA;NA
1;201510;510787;2015;"19245";251110;74993;3;9;44;19;21;0;14;1;1;0;1;1;51;201601;"{ñ c";"{ñ c";"{ñ c";"{ñ c";"{ñ c";5101;51004;"{ñ c";999;"{ñ c";99;999;99;"{ñ c";999;99;"{ñ";8299799;8;0;0;NA;NA
2;201601;260345;2016;"19245";251110;73202;3;9;44;21;24;0;20;-1;1;15;1;4;26;201602;"{ñ c";"{ñ c";"{ñ c";"{ñ c";"{ñ c";2605;26017;"{ñ c";999;"{ñ c";99;999;99;"{ñ c";999;99;" 3";7220700;9;0;0;NA;NA
2;201603;240810;2016;"19245";251110;73202;3;9;44;21;26;0;41,37;-1;1;17;1;4;24;201604;"{ñ c";"{ñ c";"{ñ c";"{ñ c";"{ñ c";2404;24018;"{ñ c";999;"{ñ c";99;999;99;"{ñ c";999;99;"{ñ";7220700;9;0;0;NA;NA
2;201603;410690;2016;"19245";251110;73202;4;9;44;21;30;0;32,28;-1;2;18;1;4;41;201604;"{ñ c";"{ñ c";"{ñ c";"{ñ c";"{ñ c";4110;41037;"{ñ c";999;"{ñ c";99;999;7;"  02";999;1;" 8";7220700;9;0;0;NA;NA
2;201603;410690;2016;"19245";251110;73202;4;9;44;21;32;0;30,29;-1;1;10;1;4;41;201604;"{ñ c";"{ñ c";"{ñ c";"{ñ c";"{ñ c";4110;41037;"{ñ c";999;"{ñ c";99;999;7;"  02";999;1;" 8";7220700;9;0;0;NA;NA
2;201603;410690;2016;"19245";251110;73202;4;9;44;21;24;0;24,23;-1;1;10;1;4;41;201604;"{ñ c";"{ñ c";"{ñ c";"{ñ c";"{ñ c";4110;41037;"{ñ c";999;"{ñ c";99;999;7;"  02";999;1;" 8";7220700;9;0;0;NA;NA
2;201604;410690;2016;"19245";251110;73202;4;9;36;21;23;0;10,91;-1;1;10;1;4;41;201605;"{ñ c";"{ñ c";"{ñ c";"{ñ c";"{ñ c";4110;41037;"{ñ c";999;"{ñ c";99;999;7;"  02";999;1;" 8";7220700;9;0;0;NA;NA
2;201612;270030;2016;"19245";251110;45217;5;9;44;15;30;0;17,86;-1;1;21;1;4;27;201701;"{ñ c";"{ñ c";"{ñ c";"{ñ c";"{ñ c";2702;27006;"{ñ c";999;"{ñ c";99;999;99;"{ñ c";999;99;"{ñ";4120400;2;0;0;NA;NA
2;201612;291080;2016;"19245";251110;74160;2;9;44;19;28;0;30;-1;2;4;1;11;29;201701;"{ñ c";"{ñ c";"{ñ c";"{ñ c";"{ñ c";2903;29012;"{ñ c";999;"{ñ c";99;999;99;"{ñ c";999;99;"{ñ";7490103;8;0;0;NA;NA
2;201612;291080;2016;"19245";251110;74160;2;9;44;19;26;0;30;-1;1;4;1;11;29;201701;"{ñ c";"{ñ c";"{ñ c";"{ñ c";"{ñ c";2903;29012;"{ñ c";999;"{ñ c";99;999;99;"{ñ c";999;99;"{ñ";7490103;8;0;0;NA;NA
2;201603;330280;2016;"19245";251110;73202;3;9;44;21;57;0;18,45;-1;1;16;1;4;33;201703;"{ñ c";"{ñ c";"9999";"{ñ c";"{ñ c";3306;33014;"  99";999;"{ñ c";99;999;99;"{ñ c";999;99;"{ñ";7220700;8;0;0;NA;NA
2;201604;330280;2016;"19245";251110;73202;3;9;30;21;39;0;7,89;-1;1;37;1;4;33;201703;"{ñ c";"{ñ c";"9999";"{ñ c";"{ñ c";3306;33014;"  99";999;"{ñ c";99;999;99;"{ñ c";999;99;"{ñ";7220700;8;0;0;NA;NA
2;201605;500270;2016;"19245";251110;73202;5;9;44;21;63;0;86,56;-1;1;43;1;6;50;201705;"{ñ c";"{ñ c";"{ñ c";"{ñ c";"{ñ c";5002;50004;"{ñ c";999;"{ñ c";99;999;99;"{ñ c";999;99;"{ñ";7220700;2;0;0;NA;NA
1;201609;351518;2016;"19245";251110;73202;2;9;44;21;25;0;13;1;2;0;1;2;35;201705;"9999";"{ñ c";"{ñ c";"9999";"{ñ c";3507;35030;"{ñ c";4;"{ñ c";99;20;99;"{ñ c";30;99;"{ñ";7220700;2;0;0;NA;NA
1;201611;351518;2016;"19245";251110;73202;2;9;44;21;20;0;8,8;1;1;0;1;25;35;201705;"9999";"{ñ c";"{ñ c";"9999";"{ñ c";3507;35030;"{ñ c";4;"{ñ c";99;20;99;"{ñ c";30;99;"{ñ";7220700;2;0;0;NA;NA
1;201701;351518;2017;"19245";251110;73202;2;9;44;21;28;0;20;1;2;0;1;25;35;201705;"9999";"{ñ c";"{ñ c";"9999";"{ñ c";3507;35030;"{ñ c";4;"{ñ c";99;20;99;"{ñ c";30;99;"{ñ";7220700;2;0;0;NA;NA
1;201702;351518;2017;"19245";251110;73202;2;9;44;21;34;0;20;1;1;0;1;25;35;201705;"9999";"{ñ c";"{ñ c";"9999";"{ñ c";3507;35030;"{ñ c";4;"{ñ c";99;20;99;"{ñ c";30;99;"{ñ";7220700;2;0;0;NA;NA
1;201702;351518;2017;"19245";251110;73202;2;9;44;21;26;0;20;1;1;0;1;25;35;201705;"9999";"{ñ c";"{ñ c";"9999";"{ñ c";3507;35030;"{ñ c";4;"{ñ c";99;20;99;"{ñ c";30;99;"{ñ";7220700;2;0;0;NA;NA
1;201703;351518;2017;"19245";251110;73202;2;9;44;21;19;0;9;1;1;0;1;25;35;201705;"9999";"{ñ c";"{ñ c";"9999";"{ñ c";3507;35030;"{ñ c";4;"{ñ c";99;20;99;"{ñ c";30;99;"{ñ";7220700;2;0;0;NA;NA
1;201705;130185;2017;"19245";251110;73202;1;9;44;21;29;0;30;1;1;0;1;2;13;201706;"{ñ c";"{ñ c";"{ñ c";"{ñ c";"{ñ c";1303;13007;"{ñ c";999;"{ñ c";99;999;99;"{ñ c";999;99;"{ñ";7220700;9;0;0;NA;NA
1;201705;130185;2017;"19245";251110;73202;1;9;44;21;32;0;30;1;2;0;1;2;13;201706;"{ñ c";"{ñ c";"{ñ c";"{ñ c";"{ñ c";1303;13007;"{ñ c";999;"{ñ c";99;999;99;"{ñ c";999;99;"{ñ";7220700;8;0;0;NA;NA
1;201706;351518;2017;"19245";251110;73202;2;9;44;21;31;0;20;1;1;0;1;25;35;201709;"9999";"{ñ c";"{ñ c";"9999";"{ñ c";3507;35030;"{ñ c";4;"{ñ c";99;20;99;"{ñ c";30;99;"{ñ";7220700;2;0;0;NA;NA
1;201706;351518;2017;"19245";251110;73202;2;9;44;21;26;0;27;1;2;0;1;25;35;201709;"9999";"{ñ c";"{ñ c";"9999";"{ñ c";3507;35030;"{ñ c";4;"{ñ c";99;20;99;"{ñ c";30;99;"{ñ";7220700;2;0;0;NA;NA
1;201706;351518;2017;"19245";251110;73202;2;9;44;21;28;0;27;1;2;0;1;25;35;201709;"9999";"{ñ c";"{ñ c";"9999";"{ñ c";3507;35030;"{ñ c";4;"{ñ c";99;20;99;"{ñ c";30;99;"{ñ";7220700;2;0;0;NA;NA
1;201706;351518;2017;"19245";251110;73202;2;9;44;21;25;0;20;1;2;0;1;25;35;201709;"9999";"{ñ c";"{ñ c";"9999";"{ñ c";3507;35030;"{ñ c";4;"{ñ c";99;20;99;"{ñ c";30;99;"{ñ";7220700;2;0;0;NA;NA
1;201711;351518;2017;"19245";251110;73202;3;9;44;21;26;0;27;1;2;0;1;2;35;201801;"9999";"{ñ c";"{ñ c";"9999";"{ñ c";3507;35030;"{ñ c";4;"{ñ c";99;20;99;"{ñ c";30;99;"{ñ";7220700;2;0;0;NA;NA
1;201711;351518;2017;"19245";251110;73202;3;9;44;21;28;0;27;1;2;0;1;2;35;201801;"9999";"{ñ c";"{ñ c";"9999";"{ñ c";3507;35030;"{ñ c";4;"{ñ c";99;20;99;"{ñ c";30;99;"{ñ";7220700;2;0;0;NA;NA
1;201711;351518;2017;"19245";251110;73202;3;9;44;21;32;0;27;1;2;0;1;25;35;201801;"9999";"{ñ c";"{ñ c";"9999";"{ñ c";3507;35030;"{ñ c";4;"{ñ c";99;20;99;"{ñ c";30;99;"{ñ";7220700;2;0;0;NA;NA
1;201711;351518;2017;"19245";251110;73202;3;9;44;21;27;0;27;1;2;0;1;25;35;201801;"9999";"{ñ c";"{ñ c";"9999";"{ñ c";3507;35030;"{ñ c";4;"{ñ c";99;20;99;"{ñ c";30;99;"{ñ";7220700;2;0;0;NA;NA
2;201712;230440;2017;"19245";251110;73202;1;9;44;21;23;0;11,44;-1;1;9;1;4;23;201801;"{ñ c";"{ñ c";"{ñ c";"{ñ c";"{ñ c";2303;23016;"{ñ c";999;"{ñ c";99;999;99;"{ñ c";999;99;" 2";7220700;8;0;0;NA;NA
1;201712;317130;2017;"19245";251110;74160;5;9;44;19;27;0;40;1;1;0;1;25;31;201801;"{ñ c";"{ñ c";"{ñ c";"{ñ c";"{ñ c";3112;31062;"{ñ c";999;"{ñ c";99;999;99;"{ñ c";999;99;"{ñ";8550302;8;0;0;NA;NA
2;201712;317130;2017;"19245";251110;74160;5;9;44;19;31;0;42,4;-1;2;12;1;4;31;201801;"{ñ c";"{ñ c";"{ñ c";"{ñ c";"{ñ c";3112;31062;"{ñ c";999;"{ñ c";99;999;99;"{ñ c";999;99;"{ñ";8550302;8;0;0;NA;NA
1;201802;310620;2018;"19245";251110;74209;3;9;44;19;31;0;11;1;1;0;1;1;31;201803;"{ñ c";"{ñ c";"{ñ c";"{ñ c";"{ñ c";3107;31030;"{ñ c";999;"{ñ c";99;999;99;"{ñ c";999;99;" 5";7119702;8;0;0;NA;NA
1;201803;291072;2018;"19245";251110;74993;3;9;44;19;25;0;35;1;2;0;1;2;29;201804;"{ñ c";"{ñ c";"{ñ c";"{ñ c";"{ñ c";2907;29032;"{ñ c";999;"{ñ c";99;999;99;"{ñ c";999;99;"{ñ";8211300;2;0;0;NA;NA
2;201804;330455;2018;"19245";251110;74128;2;9;44;19;24;0;21,43;-1;1;20;1;4;33;201805;"{ñ c";"{ñ c";"{ñ c";"{ñ c";"{ñ c";3306;33018;"{ñ c";999;"{ñ c";99;999;99;"{ñ c";999;99;" 6";6920601;2;0;0;0;0
1;201712;160030;2017;"19245";251110;52329;3;9;44;16;24;0;10,45;1;2;0;1;2;16;201806;"{ñ c";"{ñ c";"{ñ c";"{ñ c";"{ñ c";1602;16003;"{ñ c";999;"{ñ c";99;999;99;"{ñ c";999;99;"{ñ";4781400;9;0;0;0;0
1;201808;351518;2018;"19245";251110;73202;3;9;44;21;29;0;20;1;1;0;1;25;35;201810;"9999";"{ñ c";"{ñ c";"9999";"{ñ c";3507;35030;"{ñ c";4;"{ñ c";99;20;99;"{ñ c";30;99;"{ñ";7220700;2;0;0;0;0
1;201808;351518;2018;"19245";251110;73202;3;9;44;21;23;0;20;1;1;0;1;25;35;201810;"9999";"{ñ c";"{ñ c";"9999";"{ñ c";3507;35030;"{ñ c";4;"{ñ c";99;20;99;"{ñ c";30;99;"{ñ";7220700;2;0;0;0;0
1;201809;351518;2018;"19245";251110;73202;3;9;44;21;28;0;30;1;1;0;1;25;35;201810;"9999";"{ñ c";"{ñ c";"9999";"{ñ c";3507;35030;"{ñ c";4;"{ñ c";99;20;99;"{ñ c";30;99;"{ñ";7220700;2;0;0;0;0
2;201811;292740;2018;"19245";251110;91995;4;9;44;21;33;0;22,54;-1;2;16;1;4;29;201812;"{ñ c";"{ñ c";"{ñ c";"{ñ c";"{ñ c";2905;29021;"{ñ c";999;"{ñ c";99;999;99;"{ñ c";999;99;" 4";9430800;8;0;0;0;0
1;201904;350590;2019;"19245";251110;92525;1;9;1;21;28;0;30;1;1;0;1;2;35;201905;"9999";"{ñ c";"{ñ c";"9999";"{ñ c";3502;35015;"{ñ c";6;"{ñ c";99;42;99;"{ñ c";37;99;"{ñ";9102301;2;0;0;0;1
1;201904;350590;2019;"19245";251110;92525;1;9;1;21;34;0;30;1;1;0;1;1;35;201905;"9999";"{ñ c";"{ñ c";"9999";"{ñ c";3502;35015;"{ñ c";6;"{ñ c";99;42;99;"{ñ c";37;99;"{ñ";9102301;2;0;0;0;1
2;201905;355030;2019;"19245";251110;73202;4;9;44;21;47;0;72,52;-1;2;8;1;4;35;201906;"{ñ c";"{ñ c";"{ñ c";"1200";"{ñ c";3515;35061;"{ñ c";13;"{ñ c";99;1;99;"{ñ c";46;99;" 7";7220700;2;0;0;0;0
2;201905;355030;2019;"19245";251110;73202;4;9;44;21;44;0;85,79;-1;1;32;1;4;35;201906;"{ñ c";"{ñ c";"{ñ c";"1200";"{ñ c";3515;35061;"{ñ c";13;"{ñ c";99;1;99;"{ñ c";46;99;" 7";7220700;2;0;0;0;0
2;201905;355030;2019;"19245";251110;73202;4;9;44;21;40;0;45,11;-1;1;59;1;4;35;201906;"{ñ c";"{ñ c";"{ñ c";"1200";"{ñ c";3515;35061;"{ñ c";13;"{ñ c";99;1;99;"{ñ c";46;99;" 7";7220700;2;0;0;0;0
1;201908;221100;2019;"19245";251110;74209;1;7;44;19;32;0;19,96;1;1;0;1;2;22;201909;"{ñ c";"{ñ c";"{ñ c";"{ñ c";"{ñ c";2202;22003;"{ñ c";999;"{ñ c";99;999;99;"{ñ c";999;99;"{ñ";7119702;8;0;0;0;0
1;201908;420540;2019;"19245";251110;73202;2;9;44;21;28;0;40;1;1;0;1;2;42;201911;"{ñ c";"{ñ c";"{ñ c";"{ñ c";"{ñ c";4205;42016;"{ñ c";999;"{ñ c";99;999;99;"{ñ c";999;99;"{ñ";7220700;9;0;0;0;0
